<?xml version='1.0' encoding='UTF-8'?>
<?artifactRepository version='1.1.0'?>
<repository name='Bundle pool' type='org.eclipse.equinox.p2.artifact.repository.simpleRepository' version='1'>
  <properties size='2'>
    <property name='p2.system' value='true'/>
    <property name='p2.timestamp' value='1590409332605'/>
  </properties>
  <mappings size='3'>
    <rule filter='(&amp; (classifier=osgi.bundle))' output='${repoUrl}/plugins/${id}_${version}.jar'/>
    <rule filter='(&amp; (classifier=binary))' output='${repoUrl}/binary/${id}_${version}'/>
    <rule filter='(&amp; (classifier=org.eclipse.update.feature))' output='${repoUrl}/features/${id}_${version}.jar'/>
  </mappings>
  <artifacts size='227'>
    <artifact classifier='osgi.bundle' id='org.eclipse.ecf.provider.filetransfer.httpclient4' version='1.1.0.v20151130-0157'>
      <properties size='1'>
        <property name='download.size' value='74720'/>
      </properties>
    </artifact>
    <artifact classifier='osgi.bundle' id='org.eclipse.core.filesystem.java7' version='1.0.100.v20150423-0754'>
      <properties size='1'>
        <property name='download.size' value='17111'/>
      </properties>
    </artifact>
    <artifact classifier='osgi.bundle' id='org.eclipse.equinox.p2.repository' version='2.3.100.v20150428-1613'>
      <properties size='1'>
        <property name='download.size' value='131666'/>
      </properties>
    </artifact>
    <artifact classifier='osgi.bundle' id='org.eclipse.core.net.win32.x86_64' version='1.0.100.v20140124-2013'>
      <properties size='1'>
        <property name='download.size' value='29259'/>
      </properties>
    </artifact>
    <artifact classifier='osgi.bundle' id='org.eclipse.ui.ide' version='3.11.0.v20150825-2158'>
      <properties size='1'>
        <property name='download.size' value='2352960'/>
      </properties>
    </artifact>
    <artifact classifier='osgi.bundle' id='org.eclipse.jface.text' version='3.10.0.v20150603-1752'>
      <properties size='1'>
        <property name='download.size' value='1016704'/>
      </properties>
    </artifact>
    <artifact classifier='osgi.bundle' id='org.eclipse.equinox.p2.jarprocessor' version='1.0.400.v20150430-1836'>
      <properties size='1'>
        <property name='download.size' value='68720'/>
      </properties>
    </artifact>
    <artifact classifier='osgi.bundle' id='org.eclipse.core.databinding' version='1.5.0.v20150422-0725'>
      <properties size='1'>
        <property name='download.size' value='200337'/>
      </properties>
    </artifact>
    <artifact classifier='osgi.bundle' id='org.eclipse.e4.ui.css.core' version='0.11.0.v20150511-1937'>
      <properties size='1'>
        <property name='download.size' value='212740'/>
      </properties>
    </artifact>
    <artifact classifier='osgi.bundle' id='org.apache.batik.dom.svg' version='1.6.0.v201011041432'>
      <properties size='1'>
        <property name='download.size' value='464630'/>
      </properties>
    </artifact>
    <artifact classifier='osgi.bundle' id='org.sat4j.core' version='2.3.5.v201308161310'>
      <properties size='1'>
        <property name='download.size' value='362968'/>
      </properties>
    </artifact>
    <artifact classifier='osgi.bundle' id='org.eclipse.ecf.provider.filetransfer.ssl' version='1.0.0.v20151130-0157'>
      <properties size='1'>
        <property name='download.size' value='9959'/>
      </properties>
    </artifact>
    <artifact classifier='osgi.bundle' id='org.apache.batik.svggen' version='1.6.0.v201011041432'>
      <properties size='1'>
        <property name='download.size' value='188270'/>
      </properties>
    </artifact>
    <artifact classifier='osgi.bundle' id='org.eclipse.core.variables' version='3.2.800.v20130819-1716'>
      <properties size='1'>
        <property name='download.size' value='34860'/>
      </properties>
    </artifact>
    <artifact classifier='osgi.bundle' id='org.eclipse.ui.win32' version='3.2.500.v20150423-0822'>
      <properties size='1'>
        <property name='download.size' value='25489'/>
      </properties>
    </artifact>
    <artifact classifier='osgi.bundle' id='org.apache.httpcomponents.httpclient' version='4.3.6.v201411290715'>
      <properties size='1'>
        <property name='download.size' value='850736'/>
      </properties>
    </artifact>
    <artifact classifier='osgi.bundle' id='org.eclipse.equinox.p2.artifact.repository' version='1.1.400.v20150513-2116'>
      <properties size='1'>
        <property name='download.size' value='140039'/>
      </properties>
    </artifact>
    <artifact classifier='osgi.bundle' id='org.tukaani.xz' version='1.3.0.v201308270617'>
      <properties size='1'>
        <property name='download.size' value='109753'/>
      </properties>
    </artifact>
    <artifact classifier='osgi.bundle' id='org.apache.batik.css' version='1.7.0.v201011041433'>
      <properties size='1'>
        <property name='download.size' value='356012'/>
      </properties>
    </artifact>
    <artifact classifier='osgi.bundle' id='org.eclipse.e4.ui.services' version='1.2.0.v20150422-0725'>
      <properties size='1'>
        <property name='download.size' value='26519'/>
      </properties>
    </artifact>
    <artifact classifier='osgi.bundle' id='it.unitn.disi.ststool.edit' version='2.2.4.202005251221'>
      <properties size='1'>
        <property name='download.size' value='119999'/>
      </properties>
    </artifact>
    <artifact classifier='osgi.bundle' id='org.apache.batik.dom' version='1.6.1.v201505192100'>
      <properties size='1'>
        <property name='download.size' value='110471'/>
      </properties>
    </artifact>
    <artifact classifier='org.eclipse.update.feature' id='org.eclipse.draw2d' version='3.10.1.201508170204'>
      <properties size='1'>
        <property name='download.size' value='32891'/>
      </properties>
      <repositoryProperties size='1'>
        <property name='artifact.folder' value='true'/>
      </repositoryProperties>
    </artifact>
    <artifact classifier='osgi.bundle' id='org.eclipse.equinox.console' version='1.1.100.v20141023-1406'>
      <properties size='1'>
        <property name='download.size' value='118822'/>
      </properties>
    </artifact>
    <artifact classifier='osgi.bundle' id='org.eclipse.ltk.ui.refactoring' version='3.7.200.v20140625-1835'>
      <properties size='1'>
        <property name='download.size' value='458758'/>
      </properties>
    </artifact>
    <artifact classifier='osgi.bundle' id='org.eclipse.ui.themes' version='1.1.1.v20151026-1355'>
      <properties size='1'>
        <property name='download.size' value='46635'/>
      </properties>
      <repositoryProperties size='1'>
        <property name='artifact.folder' value='true'/>
      </repositoryProperties>
    </artifact>
    <artifact classifier='osgi.bundle' id='org.eclipse.equinox.event' version='1.3.100.v20140115-1647'>
      <properties size='1'>
        <property name='download.size' value='32352'/>
      </properties>
    </artifact>
    <artifact classifier='osgi.bundle' id='org.eclipse.core.net' version='1.2.300.v20141118-1725'>
      <properties size='1'>
        <property name='download.size' value='71284'/>
      </properties>
    </artifact>
    <artifact classifier='osgi.bundle' id='org.eclipse.equinox.http.servlet' version='1.2.2.v20160202-2102'>
      <properties size='1'>
        <property name='download.size' value='172216'/>
      </properties>
    </artifact>
    <artifact classifier='osgi.bundle' id='org.eclipse.equinox.preferences' version='3.5.300.v20150408-1437'>
      <properties size='1'>
        <property name='download.size' value='128643'/>
      </properties>
    </artifact>
    <artifact classifier='osgi.bundle' id='org.eclipse.ecf.identity' version='3.6.0.v20151130-0157'>
      <properties size='1'>
        <property name='download.size' value='62379'/>
      </properties>
    </artifact>
    <artifact classifier='osgi.bundle' id='org.eclipse.ecf.ssl' version='1.2.0.v20151130-0157'>
      <properties size='1'>
        <property name='download.size' value='14782'/>
      </properties>
    </artifact>
    <artifact classifier='osgi.bundle' id='org.eclipse.emf.edit' version='2.11.1.v20160208-0841'>
      <properties size='1'>
        <property name='download.size' value='278988'/>
      </properties>
    </artifact>
    <artifact classifier='osgi.bundle' id='org.eclipse.equinox.http.jetty' version='3.1.2.v20160115-1350'>
      <properties size='1'>
        <property name='download.size' value='27102'/>
      </properties>
    </artifact>
    <artifact classifier='osgi.bundle' id='org.apache.felix.gogo.runtime' version='0.10.0.v201209301036'>
      <properties size='1'>
        <property name='download.size' value='79641'/>
      </properties>
    </artifact>
    <artifact classifier='osgi.bundle' id='org.eclipse.ui.net' version='1.2.200.v20120807-0927'>
      <properties size='1'>
        <property name='download.size' value='48832'/>
      </properties>
    </artifact>
    <artifact classifier='org.eclipse.update.feature' id='org.eclipse.ecf.filetransfer.ssl.feature' version='1.1.0.v20151130-0157'>
      <properties size='1'>
        <property name='download.size' value='23137'/>
      </properties>
      <repositoryProperties size='1'>
        <property name='artifact.folder' value='true'/>
      </repositoryProperties>
    </artifact>
    <artifact classifier='org.eclipse.update.feature' id='org.eclipse.emf.ecore' version='2.11.2.v20160208-0816'>
      <properties size='1'>
        <property name='download.size' value='18254'/>
      </properties>
      <repositoryProperties size='1'>
        <property name='artifact.folder' value='true'/>
      </repositoryProperties>
    </artifact>
    <artifact classifier='osgi.bundle' id='org.eclipse.jetty.util' version='9.2.13.v20150730'>
      <properties size='1'>
        <property name='download.size' value='380636'/>
      </properties>
    </artifact>
    <artifact classifier='osgi.bundle' id='org.eclipse.e4.ui.dialogs' version='1.0.0.v20150513-0856'>
      <properties size='1'>
        <property name='download.size' value='46190'/>
      </properties>
    </artifact>
    <artifact classifier='osgi.bundle' id='org.eclipse.equinox.launcher' version='1.3.100.v20150511-1540'>
      <properties size='1'>
        <property name='download.size' value='50527'/>
      </properties>
    </artifact>
    <artifact classifier='osgi.bundle' id='org.eclipse.e4.ui.model.workbench' version='1.1.100.v20150407-1430'>
      <properties size='1'>
        <property name='download.size' value='376758'/>
      </properties>
    </artifact>
    <artifact classifier='org.eclipse.update.feature' id='org.eclipse.gef' version='3.10.1.201508170204'>
      <properties size='1'>
        <property name='download.size' value='32931'/>
      </properties>
      <repositoryProperties size='1'>
        <property name='artifact.folder' value='true'/>
      </repositoryProperties>
    </artifact>
    <artifact classifier='osgi.bundle' id='org.eclipse.core.resources' version='3.10.1.v20150725-1910'>
      <properties size='1'>
        <property name='download.size' value='884203'/>
      </properties>
    </artifact>
    <artifact classifier='osgi.bundle' id='it.unitn.disi.ststool.analysis.dlv' version='2.2.4.202005251221'>
      <properties size='1'>
        <property name='download.size' value='3233043'/>
      </properties>
    </artifact>
    <artifact classifier='osgi.bundle' id='org.eclipse.equinox.bidi' version='0.10.0.v20130327-1442'>
      <properties size='1'>
        <property name='download.size' value='48549'/>
      </properties>
    </artifact>
    <artifact classifier='org.eclipse.update.feature' id='org.eclipse.help' version='2.1.2.v20160212-1500'>
      <properties size='1'>
        <property name='download.size' value='18596'/>
      </properties>
      <repositoryProperties size='1'>
        <property name='artifact.folder' value='true'/>
      </repositoryProperties>
    </artifact>
    <artifact classifier='osgi.bundle' id='org.eclipse.e4.ui.widgets' version='1.1.0.v20150427-1751'>
      <properties size='1'>
        <property name='download.size' value='14311'/>
      </properties>
    </artifact>
    <artifact classifier='osgi.bundle' id='org.eclipse.equinox.common' version='3.7.0.v20150402-1709'>
      <properties size='1'>
        <property name='download.size' value='111675'/>
      </properties>
    </artifact>
    <artifact classifier='osgi.bundle' id='org.eclipse.equinox.http.registry' version='1.1.300.v20130402-1529'>
      <properties size='1'>
        <property name='download.size' value='45207'/>
      </properties>
    </artifact>
    <artifact classifier='osgi.bundle' id='org.eclipse.equinox.p2.operations' version='2.4.100.v20150423-1455'>
      <properties size='1'>
        <property name='download.size' value='75972'/>
      </properties>
    </artifact>
    <artifact classifier='osgi.bundle' id='org.apache.batik.util.gui' version='1.6.0.v201011041432'>
      <properties size='1'>
        <property name='download.size' value='164927'/>
      </properties>
    </artifact>
    <artifact classifier='osgi.bundle' id='org.eclipse.jetty.io' version='9.2.13.v20150730'>
      <properties size='1'>
        <property name='download.size' value='120600'/>
      </properties>
    </artifact>
    <artifact classifier='osgi.bundle' id='org.eclipse.emf.common' version='2.11.1.v20160208-0816'>
      <properties size='1'>
        <property name='download.size' value='357662'/>
      </properties>
    </artifact>
    <artifact classifier='osgi.bundle' id='it.unitn.disi.ststool.securityrequirements' version='2.2.4.202005251221'>
      <properties size='1'>
        <property name='download.size' value='128734'/>
      </properties>
    </artifact>
    <artifact classifier='osgi.bundle' id='org.eclipse.equinox.util' version='1.0.500.v20130404-1337'>
      <properties size='1'>
        <property name='download.size' value='77932'/>
      </properties>
    </artifact>
    <artifact classifier='osgi.bundle' id='org.eclipse.equinox.security.win32.x86_64' version='1.0.100.v20130327-1442'>
      <properties size='1'>
        <property name='download.size' value='35334'/>
      </properties>
    </artifact>
    <artifact classifier='osgi.bundle' id='org.eclipse.team.ui' version='3.7.200.v20150203-1452'>
      <properties size='1'>
        <property name='download.size' value='1440361'/>
      </properties>
    </artifact>
    <artifact classifier='osgi.bundle' id='org.eclipse.equinox.security.ui' version='1.1.201.v20150803-1228'>
      <properties size='1'>
        <property name='download.size' value='186027'/>
      </properties>
    </artifact>
    <artifact classifier='osgi.bundle' id='it.unitn.disi.ststool.help' version='2.2.4.202005251221'>
      <properties size='1'>
        <property name='download.size' value='639865'/>
      </properties>
    </artifact>
    <artifact classifier='osgi.bundle' id='org.eclipse.e4.core.di' version='1.5.0.v20150421-2214'>
      <properties size='1'>
        <property name='download.size' value='51686'/>
      </properties>
    </artifact>
    <artifact classifier='osgi.bundle' id='org.eclipse.ui.workbench.texteditor' version='3.9.100.v20141023-1946'>
      <properties size='1'>
        <property name='download.size' value='587218'/>
      </properties>
    </artifact>
    <artifact classifier='osgi.bundle' id='org.eclipse.ecf.provider.filetransfer' version='3.2.200.v20151130-0157'>
      <properties size='1'>
        <property name='download.size' value='127786'/>
      </properties>
    </artifact>
    <artifact classifier='osgi.bundle' id='org.eclipse.osgi' version='3.10.102.v20160118-1700'>
      <properties size='1'>
        <property name='download.size' value='1307562'/>
      </properties>
    </artifact>
    <artifact classifier='org.eclipse.update.feature' id='org.eclipse.emf.common' version='2.11.1.v20160208-0816'>
      <properties size='1'>
        <property name='download.size' value='18216'/>
      </properties>
      <repositoryProperties size='1'>
        <property name='artifact.folder' value='true'/>
      </repositoryProperties>
    </artifact>
    <artifact classifier='osgi.bundle' id='org.w3c.dom.events' version='3.0.0.draft20060413_v201105210656'>
      <properties size='1'>
        <property name='download.size' value='18205'/>
      </properties>
    </artifact>
    <artifact classifier='osgi.bundle' id='org.eclipse.core.runtime' version='3.11.1.v20150903-1804'>
      <properties size='1'>
        <property name='download.size' value='78923'/>
      </properties>
    </artifact>
    <artifact classifier='osgi.bundle' id='org.eclipse.equinox.p2.metadata' version='2.3.0.v20150511-1532'>
      <properties size='1'>
        <property name='download.size' value='342666'/>
      </properties>
    </artifact>
    <artifact classifier='org.eclipse.update.feature' id='org.eclipse.ecf.filetransfer.httpclient4.ssl.feature' version='1.1.0.v20151130-0157'>
      <properties size='1'>
        <property name='download.size' value='27183'/>
      </properties>
      <repositoryProperties size='1'>
        <property name='artifact.folder' value='true'/>
      </repositoryProperties>
    </artifact>
    <artifact classifier='osgi.bundle' id='it.unitn.disi.ststool.documents.report.securityreqirements' version='2.2.4.202005251221'>
      <properties size='1'>
        <property name='download.size' value='18095'/>
      </properties>
    </artifact>
    <artifact classifier='osgi.bundle' id='org.eclipse.compare.win32' version='1.0.200.v20130514-1224'>
      <properties size='1'>
        <property name='download.size' value='39379'/>
      </properties>
    </artifact>
    <artifact classifier='osgi.bundle' id='org.eclipse.equinox.jsp.jasper' version='1.0.500.v20150119-1358'>
      <properties size='1'>
        <property name='download.size' value='28120'/>
      </properties>
    </artifact>
    <artifact classifier='osgi.bundle' id='org.eclipse.e4.ui.bindings' version='0.11.0.v20150422-0725'>
      <properties size='1'>
        <property name='download.size' value='49705'/>
      </properties>
    </artifact>
    <artifact classifier='osgi.bundle' id='org.eclipse.core.expressions' version='3.5.0.v20150421-2214'>
      <properties size='1'>
        <property name='download.size' value='90250'/>
      </properties>
    </artifact>
    <artifact classifier='osgi.bundle' id='org.eclipse.emf.edit.ui' version='2.11.1.v20160208-0841'>
      <properties size='1'>
        <property name='download.size' value='237427'/>
      </properties>
    </artifact>
    <artifact classifier='osgi.bundle' id='org.apache.batik.util' version='1.7.0.v201011041433'>
      <properties size='1'>
        <property name='download.size' value='158140'/>
      </properties>
    </artifact>
    <artifact classifier='osgi.bundle' id='org.eclipse.e4.ui.css.swt' version='0.12.0.v20150511-1003'>
      <properties size='1'>
        <property name='download.size' value='220646'/>
      </properties>
    </artifact>
    <artifact classifier='org.eclipse.update.feature' id='it.unitn.disi.ststool.feature.libraries' version='2.2.4.202005251221'>
      <properties size='1'>
        <property name='download.size' value='800'/>
      </properties>
      <repositoryProperties size='1'>
        <property name='artifact.folder' value='true'/>
      </repositoryProperties>
    </artifact>
    <artifact classifier='osgi.bundle' id='org.eclipse.e4.core.di.extensions' version='0.13.0.v20150421-2214'>
      <properties size='1'>
        <property name='download.size' value='28475'/>
      </properties>
    </artifact>
    <artifact classifier='org.eclipse.update.feature' id='org.eclipse.ecf.filetransfer.httpclient4.feature' version='3.12.0.v20151130-0157'>
      <properties size='1'>
        <property name='download.size' value='27255'/>
      </properties>
      <repositoryProperties size='1'>
        <property name='artifact.folder' value='true'/>
      </repositoryProperties>
    </artifact>
    <artifact classifier='osgi.bundle' id='org.apache.httpcomponents.httpcore' version='4.3.3.v201411290715'>
      <properties size='1'>
        <property name='download.size' value='319078'/>
      </properties>
    </artifact>
    <artifact classifier='osgi.bundle' id='it.unitn.disi.ststool.analysis.wellformedness' version='2.2.4.202005251221'>
      <properties size='1'>
        <property name='download.size' value='51755'/>
      </properties>
    </artifact>
    <artifact classifier='osgi.bundle' id='it.unitn.disi.ststool.rcp' version='2.2.4.202005251221'>
      <properties size='1'>
        <property name='download.size' value='656071'/>
      </properties>
    </artifact>
    <artifact classifier='osgi.bundle' id='org.eclipse.jface' version='3.11.1.v20160128-1644'>
      <properties size='1'>
        <property name='download.size' value='1189869'/>
      </properties>
    </artifact>
    <artifact classifier='osgi.bundle' id='org.eclipse.compare.core' version='3.5.500.v20150505-1058'>
      <properties size='1'>
        <property name='download.size' value='63692'/>
      </properties>
    </artifact>
    <artifact classifier='osgi.bundle' id='org.eclipse.e4.core.di.annotations' version='1.4.0.v20150528-1451'>
      <properties size='1'>
        <property name='download.size' value='10680'/>
      </properties>
    </artifact>
    <artifact classifier='osgi.bundle' id='org.eclipse.osgi.compatibility.state' version='1.0.100.v20150402-1551'>
      <properties size='1'>
        <property name='download.size' value='241527'/>
      </properties>
    </artifact>
    <artifact classifier='osgi.bundle' id='javax.inject' version='1.0.0.v20091030'>
      <properties size='1'>
        <property name='download.size' value='16996'/>
      </properties>
    </artifact>
    <artifact classifier='osgi.bundle' id='org.eclipse.core.databinding.beans' version='1.3.0.v20150422-0725'>
      <properties size='1'>
        <property name='download.size' value='79096'/>
      </properties>
    </artifact>
    <artifact classifier='org.eclipse.update.feature' id='it.unitn.disi.ststool.feature.rcp.platform' version='2.2.4.202005251221'>
      <properties size='1'>
        <property name='download.size' value='2719'/>
      </properties>
      <repositoryProperties size='1'>
        <property name='artifact.folder' value='true'/>
      </repositoryProperties>
    </artifact>
    <artifact classifier='osgi.bundle' id='org.eclipse.jetty.http' version='9.2.13.v20150730'>
      <properties size='1'>
        <property name='download.size' value='116143'/>
      </properties>
    </artifact>
    <artifact classifier='osgi.bundle' id='org.eclipse.equinox.security' version='1.2.100.v20150423-1356'>
      <properties size='1'>
        <property name='download.size' value='108521'/>
      </properties>
    </artifact>
    <artifact classifier='osgi.bundle' id='org.eclipse.e4.ui.workbench3' version='0.13.0.v20150422-0725'>
      <properties size='1'>
        <property name='download.size' value='9889'/>
      </properties>
    </artifact>
    <artifact classifier='osgi.bundle' id='org.eclipse.core.resources.win32.x86_64' version='3.5.0.v20140124-1940'>
      <properties size='1'>
        <property name='download.size' value='27687'/>
      </properties>
    </artifact>
    <artifact classifier='osgi.bundle' id='it.unitn.disi.ststool.utils' version='2.2.4.202005251221'>
      <properties size='1'>
        <property name='download.size' value='65310'/>
      </properties>
    </artifact>
    <artifact classifier='osgi.bundle' id='org.eclipse.osgi.services' version='3.5.0.v20150519-2006'>
      <properties size='1'>
        <property name='download.size' value='110093'/>
      </properties>
    </artifact>
    <artifact classifier='osgi.bundle' id='org.eclipse.e4.ui.workbench.addons.swt' version='1.2.0.v20150512-1414'>
      <properties size='1'>
        <property name='download.size' value='146328'/>
      </properties>
    </artifact>
    <artifact classifier='osgi.bundle' id='org.eclipse.jetty.servlet' version='9.2.13.v20150730'>
      <properties size='1'>
        <property name='download.size' value='125573'/>
      </properties>
    </artifact>
    <artifact classifier='osgi.bundle' id='org.eclipse.swt' version='3.106.2.v20171129-0543'>
      <properties size='1'>
        <property name='download.size' value='19372'/>
      </properties>
    </artifact>
    <artifact classifier='osgi.bundle' id='org.apache.jasper.glassfish' version='2.2.2.v201501141630'>
      <properties size='1'>
        <property name='download.size' value='2435771'/>
      </properties>
    </artifact>
    <artifact classifier='osgi.bundle' id='it.unitn.disi.ststool.svgexporter' version='2.2.4.202005251221'>
      <properties size='1'>
        <property name='download.size' value='72854'/>
      </properties>
    </artifact>
    <artifact classifier='osgi.bundle' id='org.eclipse.e4.ui.workbench.swt' version='0.13.0.v20150504-0621'>
      <properties size='1'>
        <property name='download.size' value='181935'/>
      </properties>
    </artifact>
    <artifact classifier='osgi.bundle' id='org.eclipse.equinox.p2.metadata.repository' version='1.2.200.v20150428-1613'>
      <properties size='1'>
        <property name='download.size' value='119279'/>
      </properties>
    </artifact>
    <artifact classifier='osgi.bundle' id='org.apache.batik.ext.awt' version='1.6.0.v201011041432'>
      <properties size='1'>
        <property name='download.size' value='396709'/>
      </properties>
    </artifact>
    <artifact classifier='osgi.bundle' id='org.eclipse.core.filesystem' version='1.5.0.v20150725-1910'>
      <properties size='1'>
        <property name='download.size' value='61505'/>
      </properties>
    </artifact>
    <artifact classifier='org.eclipse.update.feature' id='org.eclipse.equinox.p2.core.feature' version='1.3.100.v20150527-1706'>
      <properties size='1'>
        <property name='download.size' value='17702'/>
      </properties>
      <repositoryProperties size='1'>
        <property name='artifact.folder' value='true'/>
      </repositoryProperties>
    </artifact>
    <artifact classifier='osgi.bundle' id='org.eclipse.equinox.p2.director' version='2.3.200.v20150423-1455'>
      <properties size='1'>
        <property name='download.size' value='103538'/>
      </properties>
    </artifact>
    <artifact classifier='osgi.bundle' id='org.eclipse.text' version='3.5.400.v20150505-1044'>
      <properties size='1'>
        <property name='download.size' value='253256'/>
      </properties>
    </artifact>
    <artifact classifier='osgi.bundle' id='org.eclipse.e4.core.services' version='2.0.0.v20150403-1912'>
      <properties size='1'>
        <property name='download.size' value='53863'/>
      </properties>
    </artifact>
    <artifact classifier='osgi.bundle' id='org.eclipse.rcp' version='4.5.2.v20160212-1500'>
      <properties size='1'>
        <property name='download.size' value='11354'/>
      </properties>
    </artifact>
    <artifact classifier='osgi.bundle' id='org.apache.xerces' version='2.9.0.v201101211617'>
      <properties size='1'>
        <property name='download.size' value='1338029'/>
      </properties>
    </artifact>
    <artifact classifier='osgi.bundle' id='org.eclipse.equinox.p2.core' version='2.4.0.v20150527-1706'>
      <properties size='1'>
        <property name='download.size' value='72151'/>
      </properties>
    </artifact>
    <artifact classifier='osgi.bundle' id='it.unitn.disi.ststool.editor' version='2.2.4.202005251221'>
      <properties size='1'>
        <property name='download.size' value='709624'/>
      </properties>
    </artifact>
    <artifact classifier='osgi.bundle' id='org.eclipse.e4.core.commands' version='0.11.0.v20150422-0725'>
      <properties size='1'>
        <property name='download.size' value='25679'/>
      </properties>
    </artifact>
    <artifact classifier='org.eclipse.update.feature' id='org.eclipse.ecf.core.ssl.feature' version='1.1.0.v20151130-0157'>
      <properties size='1'>
        <property name='download.size' value='19008'/>
      </properties>
      <repositoryProperties size='1'>
        <property name='artifact.folder' value='true'/>
      </repositoryProperties>
    </artifact>
    <artifact classifier='osgi.bundle' id='org.eclipse.ui.navigator' version='3.5.401.custom'>
      <properties size='1'>
        <property name='download.size' value='413237'/>
      </properties>
    </artifact>
    <artifact classifier='osgi.bundle' id='it.unitn.disi.ststool.development' version='2.2.4.202005251221'>
      <properties size='1'>
        <property name='download.size' value='43967'/>
      </properties>
    </artifact>
    <artifact classifier='osgi.bundle' id='org.eclipse.equinox.p2.engine' version='2.4.0.v20150511-1532'>
      <properties size='1'>
        <property name='download.size' value='206643'/>
      </properties>
    </artifact>
    <artifact classifier='osgi.bundle' id='it.unitn.disi.ststool.analysis.threat' version='2.2.4.202005251221'>
      <properties size='1'>
        <property name='download.size' value='25332'/>
      </properties>
    </artifact>
    <artifact classifier='osgi.bundle' id='org.eclipse.jetty.server' version='9.2.13.v20150730'>
      <properties size='1'>
        <property name='download.size' value='440966'/>
      </properties>
    </artifact>
    <artifact classifier='osgi.bundle' id='org.eclipse.ui.console' version='3.6.100.v20150822-1912'>
      <properties size='1'>
        <property name='download.size' value='191378'/>
      </properties>
    </artifact>
    <artifact classifier='osgi.bundle' id='org.eclipse.draw2d' version='3.10.1.201508170204'>
      <properties size='1'>
        <property name='download.size' value='581077'/>
      </properties>
    </artifact>
    <artifact classifier='osgi.bundle' id='org.eclipse.e4.ui.di' version='1.1.0.v20150422-0725'>
      <properties size='1'>
        <property name='download.size' value='15670'/>
      </properties>
    </artifact>
    <artifact classifier='osgi.bundle' id='org.eclipse.ui.views.log' version='1.0.600.v20150513-1840'>
      <properties size='1'>
        <property name='download.size' value='145244'/>
      </properties>
    </artifact>
    <artifact classifier='osgi.bundle' id='it.unitn.disi.ststool.documents.report.viewcontribution' version='2.2.4.202005251221'>
      <properties size='1'>
        <property name='download.size' value='36694'/>
      </properties>
    </artifact>
    <artifact classifier='osgi.bundle' id='org.eclipse.equinox.jsp.jasper.registry' version='1.0.300.v20130327-1442'>
      <properties size='1'>
        <property name='download.size' value='12190'/>
      </properties>
    </artifact>
    <artifact classifier='osgi.bundle' id='org.eclipse.help.webapp' version='3.7.0.v20150425-0643'>
      <properties size='1'>
        <property name='download.size' value='634264'/>
      </properties>
    </artifact>
    <artifact classifier='osgi.bundle' id='it.unitn.disi.ststool.documents.report.analysis.security' version='2.2.4.202005251221'>
      <properties size='1'>
        <property name='download.size' value='14659'/>
      </properties>
    </artifact>
    <artifact classifier='osgi.bundle' id='javax.annotation' version='1.2.0.v201401042248'>
      <properties size='1'>
        <property name='download.size' value='27550'/>
      </properties>
    </artifact>
    <artifact classifier='osgi.bundle' id='org.eclipse.equinox.app' version='1.3.300.v20150423-1356'>
      <properties size='1'>
        <property name='download.size' value='86680'/>
      </properties>
    </artifact>
    <artifact classifier='osgi.bundle' id='javax.servlet.jsp' version='2.2.0.v201112011158'>
      <properties size='1'>
        <property name='download.size' value='106639'/>
      </properties>
    </artifact>
    <artifact classifier='osgi.bundle' id='org.eclipse.core.jobs' version='3.7.0.v20150330-2103'>
      <properties size='1'>
        <property name='download.size' value='107123'/>
      </properties>
    </artifact>
    <artifact classifier='osgi.bundle' id='org.w3c.dom.svg' version='1.1.0.v201011041433'>
      <properties size='1'>
        <property name='download.size' value='97382'/>
      </properties>
    </artifact>
    <artifact classifier='osgi.bundle' id='com.aspose.slides' version='7.7.0'>
      <properties size='1'>
        <property name='download.size' value='9729152'/>
      </properties>
    </artifact>
    <artifact classifier='org.eclipse.update.feature' id='it.unitn.disi.ststool.feature.batik' version='1.6.1.0'>
      <properties size='1'>
        <property name='download.size' value='1117'/>
      </properties>
      <repositoryProperties size='1'>
        <property name='artifact.folder' value='true'/>
      </repositoryProperties>
    </artifact>
    <artifact classifier='osgi.bundle' id='org.eclipse.osgi.util' version='3.3.100.v20150423-1351'>
      <properties size='1'>
        <property name='download.size' value='26242'/>
      </properties>
    </artifact>
    <artifact classifier='osgi.bundle' id='it.unitn.disi.ststool.analysis.security' version='2.2.4.202005251221'>
      <properties size='1'>
        <property name='download.size' value='135314'/>
      </properties>
    </artifact>
    <artifact classifier='osgi.bundle' id='it.unitn.disi.ststool.commons' version='2.2.4.202005251221'>
      <properties size='1'>
        <property name='download.size' value='426003'/>
      </properties>
    </artifact>
    <artifact classifier='osgi.bundle' id='javax.xml' version='1.3.4.v201005080400'>
      <properties size='1'>
        <property name='download.size' value='252201'/>
      </properties>
    </artifact>
    <artifact classifier='osgi.bundle' id='org.eclipse.equinox.ds' version='1.4.300.v20150423-1356'>
      <properties size='1'>
        <property name='download.size' value='195728'/>
      </properties>
    </artifact>
    <artifact classifier='osgi.bundle' id='org.apache.commons.jxpath' version='1.3.0.v200911051830'>
      <properties size='1'>
        <property name='download.size' value='315491'/>
      </properties>
    </artifact>
    <artifact classifier='osgi.bundle' id='org.eclipse.core.commands' version='3.7.0.v20150422-0725'>
      <properties size='1'>
        <property name='download.size' value='113716'/>
      </properties>
    </artifact>
    <artifact classifier='osgi.bundle' id='org.apache.batik.util.gui' version='1.7.0.v200903091627'>
      <properties size='1'>
        <property name='download.size' value='212351'/>
      </properties>
    </artifact>
    <artifact classifier='osgi.bundle' id='org.eclipse.equinox.p2.garbagecollector' version='1.0.200.v20131115-1210'>
      <properties size='1'>
        <property name='download.size' value='25061'/>
      </properties>
    </artifact>
    <artifact classifier='osgi.bundle' id='org.eclipse.help.base' version='4.0.301.v20160212-1500'>
      <properties size='1'>
        <property name='download.size' value='414999'/>
      </properties>
    </artifact>
    <artifact classifier='org.eclipse.update.feature' id='it.unitn.disi.ststool.feature.rcp' version='2.2.4.202005251221'>
      <properties size='1'>
        <property name='download.size' value='1965'/>
      </properties>
      <repositoryProperties size='1'>
        <property name='artifact.folder' value='true'/>
      </repositoryProperties>
    </artifact>
    <artifact classifier='osgi.bundle' id='org.eclipse.equinox.concurrent' version='1.1.0.v20130327-1442'>
      <properties size='1'>
        <property name='download.size' value='25493'/>
      </properties>
    </artifact>
    <artifact classifier='osgi.bundle' id='com.ibm.icu' version='54.1.1.v201501272100'>
      <properties size='1'>
        <property name='download.size' value='11509693'/>
      </properties>
    </artifact>
    <artifact classifier='osgi.bundle' id='org.eclipse.equinox.p2.touchpoint.eclipse' version='2.1.300.v20150423-1455'>
      <properties size='1'>
        <property name='download.size' value='127923'/>
      </properties>
    </artifact>
    <artifact classifier='osgi.bundle' id='org.eclipse.gef' version='3.10.1.201508170204'>
      <properties size='1'>
        <property name='download.size' value='867576'/>
      </properties>
    </artifact>
    <artifact classifier='osgi.bundle' id='org.eclipse.help.ui' version='4.0.100.v20140401-0608'>
      <properties size='1'>
        <property name='download.size' value='498666'/>
      </properties>
    </artifact>
    <artifact classifier='osgi.bundle' id='org.apache.batik.bridge' version='1.6.0.v201011041432'>
      <properties size='1'>
        <property name='download.size' value='516639'/>
      </properties>
    </artifact>
    <artifact classifier='osgi.bundle' id='it.unitn.disi.ststool.analysis' version='2.2.4.202005251221'>
      <properties size='1'>
        <property name='download.size' value='109723'/>
      </properties>
    </artifact>
    <artifact classifier='org.eclipse.update.feature' id='it.unitn.disi.ststool.feature.ststool' version='2.2.4.202005251221'>
      <properties size='1'>
        <property name='download.size' value='745'/>
      </properties>
      <repositoryProperties size='1'>
        <property name='artifact.folder' value='true'/>
      </repositoryProperties>
    </artifact>
    <artifact classifier='osgi.bundle' id='org.eclipse.ecf' version='3.7.0.v20151130-0157'>
      <properties size='1'>
        <property name='download.size' value='106749'/>
      </properties>
    </artifact>
    <artifact classifier='osgi.bundle' id='org.eclipse.ui.intro' version='3.4.300.v20141007-1449'>
      <properties size='1'>
        <property name='download.size' value='309325'/>
      </properties>
    </artifact>
    <artifact classifier='osgi.bundle' id='org.eclipse.emf.ecore' version='2.11.2.v20160208-0816'>
      <properties size='1'>
        <property name='download.size' value='1190187'/>
      </properties>
    </artifact>
    <artifact classifier='org.eclipse.update.feature' id='it.unitn.disi.ststool.feature.emf.essential' version='2.2.4.202005251221'>
      <properties size='1'>
        <property name='download.size' value='993'/>
      </properties>
      <repositoryProperties size='1'>
        <property name='artifact.folder' value='true'/>
      </repositoryProperties>
    </artifact>
    <artifact classifier='osgi.bundle' id='org.eclipse.ecf.filetransfer' version='5.0.0.v20151130-0157'>
      <properties size='1'>
        <property name='download.size' value='51603'/>
      </properties>
    </artifact>
    <artifact classifier='osgi.bundle' id='org.apache.batik.xml' version='1.6.0.v201011041432'>
      <properties size='1'>
        <property name='download.size' value='36668'/>
      </properties>
    </artifact>
    <artifact classifier='osgi.bundle' id='org.eclipse.core.databinding.observable' version='1.5.0.v20150422-0725'>
      <properties size='1'>
        <property name='download.size' value='311734'/>
      </properties>
    </artifact>
    <artifact classifier='osgi.bundle' id='org.eclipse.ltk.core.refactoring' version='3.6.201.v20150819-1034'>
      <properties size='1'>
        <property name='download.size' value='331895'/>
      </properties>
    </artifact>
    <artifact classifier='osgi.bundle' id='org.eclipse.e4.ui.workbench' version='1.3.1.v20160203-0951'>
      <properties size='1'>
        <property name='download.size' value='289690'/>
      </properties>
    </artifact>
    <artifact classifier='osgi.bundle' id='org.apache.felix.gogo.shell' version='0.10.0.v201212101605'>
      <properties size='1'>
        <property name='download.size' value='60225'/>
      </properties>
    </artifact>
    <artifact classifier='osgi.bundle' id='org.eclipse.equinox.frameworkadmin' version='2.0.200.v20150423-1455'>
      <properties size='1'>
        <property name='download.size' value='36365'/>
      </properties>
    </artifact>
    <artifact classifier='osgi.bundle' id='org.eclipse.emf.ecore.xmi' version='2.11.1.v20160208-0816'>
      <properties size='1'>
        <property name='download.size' value='230415'/>
      </properties>
    </artifact>
    <artifact classifier='osgi.bundle' id='org.eclipse.equinox.p2.console' version='1.0.400.v20150423-1455'>
      <properties size='1'>
        <property name='download.size' value='27371'/>
      </properties>
    </artifact>
    <artifact classifier='osgi.bundle' id='org.eclipse.ui.views.properties.tabbed' version='3.6.100.v20150423-0822'>
      <properties size='1'>
        <property name='download.size' value='107337'/>
      </properties>
    </artifact>
    <artifact classifier='osgi.bundle' id='org.eclipse.equinox.simpleconfigurator' version='1.1.100.v20150423-1455'>
      <properties size='1'>
        <property name='download.size' value='43279'/>
      </properties>
    </artifact>
    <artifact classifier='osgi.bundle' id='org.eclipse.ui' version='3.107.0.v20150507-1945'>
      <properties size='1'>
        <property name='download.size' value='276456'/>
      </properties>
    </artifact>
    <artifact classifier='osgi.bundle' id='org.eclipse.ecf.provider.filetransfer.httpclient4.ssl' version='1.1.0.v20151130-0157'>
      <properties size='1'>
        <property name='download.size' value='14243'/>
      </properties>
    </artifact>
    <artifact classifier='osgi.bundle' id='org.eclipse.ui.forms' version='3.6.200.v20150506-2029'>
      <properties size='1'>
        <property name='download.size' value='317993'/>
      </properties>
    </artifact>
    <artifact classifier='osgi.bundle' id='org.apache.xml.resolver' version='1.2.0.v201005080400'>
      <properties size='1'>
        <property name='download.size' value='102713'/>
      </properties>
    </artifact>
    <artifact classifier='osgi.bundle' id='org.sat4j.pb' version='2.3.5.v201404071733'>
      <properties size='1'>
        <property name='download.size' value='241956'/>
      </properties>
    </artifact>
    <artifact classifier='osgi.bundle' id='org.eclipse.e4.ui.workbench.renderers.swt' version='0.13.0.v20150901-1347'>
      <properties size='1'>
        <property name='download.size' value='351320'/>
      </properties>
    </artifact>
    <artifact classifier='osgi.bundle' id='org.eclipse.core.filebuffers' version='3.5.500.v20140723-1040'>
      <properties size='1'>
        <property name='download.size' value='114861'/>
      </properties>
    </artifact>
    <artifact classifier='osgi.bundle' id='org.eclipse.jetty.security' version='9.2.13.v20150730'>
      <properties size='1'>
        <property name='download.size' value='106815'/>
      </properties>
    </artifact>
    <artifact classifier='osgi.bundle' id='org.eclipse.jetty.continuation' version='9.2.13.v20150730'>
      <properties size='1'>
        <property name='download.size' value='22882'/>
      </properties>
    </artifact>
    <artifact classifier='osgi.bundle' id='it.unitn.disi.ststool.documents' version='2.2.4.202005251221'>
      <properties size='1'>
        <property name='download.size' value='370369'/>
      </properties>
    </artifact>
    <artifact classifier='osgi.bundle' id='org.eclipse.ui.views' version='3.8.0.v20150422-0725'>
      <properties size='1'>
        <property name='download.size' value='100147'/>
      </properties>
    </artifact>
    <artifact classifier='osgi.bundle' id='it.unitn.disi.ststool.documents.report.analysis.wellformedness' version='2.2.4.202005251221'>
      <properties size='1'>
        <property name='download.size' value='13288'/>
      </properties>
    </artifact>
    <artifact classifier='osgi.bundle' id='org.apache.lucene.analysis' version='3.5.0.v20120725-1805'>
      <properties size='1'>
        <property name='download.size' value='908681'/>
      </properties>
    </artifact>
    <artifact classifier='osgi.bundle' id='org.eclipse.e4.ui.css.swt.theme' version='0.10.0.v20150422-0725'>
      <properties size='1'>
        <property name='download.size' value='26436'/>
      </properties>
    </artifact>
    <artifact classifier='osgi.bundle' id='org.apache.batik.util' version='1.6.0.v201011041432'>
      <properties size='1'>
        <property name='download.size' value='101828'/>
      </properties>
    </artifact>
    <artifact classifier='osgi.bundle' id='org.eclipse.e4.emf.xpath' version='0.1.100.v20150513-0856'>
      <properties size='1'>
        <property name='download.size' value='49032'/>
      </properties>
    </artifact>
    <artifact classifier='osgi.bundle' id='org.eclipse.swt.win32.win32.x86_64' version='3.106.2.v20171129-0543'>
      <properties size='1'>
        <property name='download.size' value='2784241'/>
      </properties>
    </artifact>
    <artifact classifier='osgi.bundle' id='org.apache.commons.logging' version='1.1.1.v201101211721'>
      <properties size='1'>
        <property name='download.size' value='74691'/>
      </properties>
    </artifact>
    <artifact classifier='osgi.bundle' id='org.eclipse.core.contenttype' version='3.5.0.v20150421-2214'>
      <properties size='1'>
        <property name='download.size' value='99189'/>
      </properties>
    </artifact>
    <artifact classifier='osgi.bundle' id='com.sun.el' version='2.2.0.v201303151357'>
      <properties size='1'>
        <property name='download.size' value='136435'/>
      </properties>
    </artifact>
    <artifact classifier='osgi.bundle' id='org.apache.felix.gogo.command' version='0.10.0.v201209301215'>
      <properties size='1'>
        <property name='download.size' value='57040'/>
      </properties>
    </artifact>
    <artifact classifier='osgi.bundle' id='org.apache.lucene.core' version='3.5.0.v20120725-1805'>
      <properties size='1'>
        <property name='download.size' value='1550172'/>
      </properties>
    </artifact>
    <artifact classifier='osgi.bundle' id='javax.el' version='2.2.0.v201303151357'>
      <properties size='1'>
        <property name='download.size' value='55399'/>
      </properties>
    </artifact>
    <artifact classifier='org.eclipse.update.feature' id='org.eclipse.ecf.core.feature' version='1.2.0.v20151130-0157'>
      <properties size='1'>
        <property name='download.size' value='19022'/>
      </properties>
      <repositoryProperties size='1'>
        <property name='artifact.folder' value='true'/>
      </repositoryProperties>
    </artifact>
    <artifact classifier='osgi.bundle' id='org.eclipse.ui.navigator.resources' version='3.5.1.v20160128-1644'>
      <properties size='1'>
        <property name='download.size' value='151031'/>
      </properties>
    </artifact>
    <artifact classifier='osgi.bundle' id='javax.servlet' version='3.1.0.v201410161800'>
      <properties size='1'>
        <property name='download.size' value='105237'/>
      </properties>
    </artifact>
    <artifact classifier='osgi.bundle' id='org.eclipse.help' version='3.6.0.v20130326-1254'>
      <properties size='1'>
        <property name='download.size' value='258927'/>
      </properties>
    </artifact>
    <artifact classifier='osgi.bundle' id='org.eclipse.core.databinding.property' version='1.5.0.v20150422-0725'>
      <properties size='1'>
        <property name='download.size' value='176143'/>
      </properties>
    </artifact>
    <artifact classifier='osgi.bundle' id='org.eclipse.jface.databinding' version='1.7.0.v20150406-2148'>
      <properties size='1'>
        <property name='download.size' value='281453'/>
      </properties>
    </artifact>
    <artifact classifier='osgi.bundle' id='it.unitn.disi.ststool.analysis.support' version='2.2.4.202005251221'>
      <properties size='1'>
        <property name='download.size' value='9324'/>
      </properties>
    </artifact>
    <artifact classifier='osgi.bundle' id='org.eclipse.equinox.registry' version='3.6.0.v20150318-1503'>
      <properties size='1'>
        <property name='download.size' value='182901'/>
      </properties>
    </artifact>
    <artifact classifier='osgi.bundle' id='org.eclipse.equinox.frameworkadmin.equinox' version='1.0.600.v20150522-2234'>
      <properties size='1'>
        <property name='download.size' value='63562'/>
      </properties>
    </artifact>
    <artifact classifier='osgi.bundle' id='org.eclipse.equinox.p2.touchpoint.natives' version='1.2.0.v20150519-1136'>
      <properties size='1'>
        <property name='download.size' value='74196'/>
      </properties>
    </artifact>
    <artifact classifier='org.eclipse.update.feature' id='org.eclipse.ecf.filetransfer.feature' version='3.12.0.v20151130-0157'>
      <properties size='1'>
        <property name='download.size' value='27270'/>
      </properties>
      <repositoryProperties size='1'>
        <property name='artifact.folder' value='true'/>
      </repositoryProperties>
    </artifact>
    <artifact classifier='osgi.bundle' id='org.w3c.dom.smil' version='1.0.1.v200903091627'>
      <properties size='1'>
        <property name='download.size' value='20106'/>
      </properties>
    </artifact>
    <artifact classifier='osgi.bundle' id='com.aspose.word' version='13.8.0'>
      <properties size='1'>
        <property name='download.size' value='7254238'/>
      </properties>
    </artifact>
    <artifact classifier='osgi.bundle' id='org.eclipse.team.core' version='3.7.100.v20150203-1452'>
      <properties size='1'>
        <property name='download.size' value='404817'/>
      </properties>
    </artifact>
    <artifact classifier='osgi.bundle' id='it.unitn.disi.ststool.license' version='2.2.4.202005251221'>
      <properties size='1'>
        <property name='download.size' value='16207'/>
      </properties>
    </artifact>
    <artifact classifier='osgi.bundle' id='org.eclipse.ui.browser' version='3.4.300.v20150429-0602'>
      <properties size='1'>
        <property name='download.size' value='198486'/>
      </properties>
    </artifact>
    <artifact classifier='osgi.bundle' id='org.apache.commons.codec' version='1.6.0.v201305230611'>
      <properties size='1'>
        <property name='download.size' value='258466'/>
      </properties>
    </artifact>
    <artifact classifier='osgi.bundle' id='org.apache.batik.css' version='1.6.0.v201011041432'>
      <properties size='1'>
        <property name='download.size' value='266086'/>
      </properties>
    </artifact>
    <artifact classifier='org.eclipse.update.feature' id='it.disi.unitn.ststool.feature.eclipse.e4.rcp' version='2.2.4.202005251221'>
      <properties size='1'>
        <property name='download.size' value='2821'/>
      </properties>
      <repositoryProperties size='1'>
        <property name='artifact.folder' value='true'/>
      </repositoryProperties>
    </artifact>
    <artifact classifier='osgi.bundle' id='org.apache.batik.transcoder' version='1.6.0.v201011041432'>
      <properties size='1'>
        <property name='download.size' value='81018'/>
      </properties>
    </artifact>
    <artifact classifier='osgi.bundle' id='org.eclipse.equinox.launcher.win32.win32.x86_64' version='1.1.300.v20150602-1417'>
      <properties size='1'>
        <property name='download.size' value='29268'/>
      </properties>
      <repositoryProperties size='1'>
        <property name='artifact.folder' value='true'/>
      </repositoryProperties>
    </artifact>
    <artifact classifier='osgi.bundle' id='org.apache.batik.pdf' version='1.6.0.v201105071520'>
      <properties size='1'>
        <property name='download.size' value='510234'/>
      </properties>
    </artifact>
    <artifact classifier='osgi.bundle' id='org.eclipse.emf.ecore.change' version='2.11.0.v20160208-0816'>
      <properties size='1'>
        <property name='download.size' value='87095'/>
      </properties>
    </artifact>
    <artifact classifier='osgi.bundle' id='org.w3c.css.sac' version='1.3.1.v200903091627'>
      <properties size='1'>
        <property name='download.size' value='38584'/>
      </properties>
    </artifact>
    <artifact classifier='osgi.bundle' id='org.eclipse.equinox.simpleconfigurator.manipulator' version='2.0.100.v20150423-1455'>
      <properties size='1'>
        <property name='download.size' value='25362'/>
      </properties>
    </artifact>
    <artifact classifier='osgi.bundle' id='org.eclipse.ui.workbench' version='3.107.1.v20160120-2131'>
      <properties size='1'>
        <property name='download.size' value='4083867'/>
      </properties>
    </artifact>
    <artifact classifier='osgi.bundle' id='org.apache.batik.parser' version='1.6.0.v201011041432'>
      <properties size='1'>
        <property name='download.size' value='56219'/>
      </properties>
    </artifact>
    <artifact classifier='osgi.bundle' id='org.eclipse.equinox.p2.transport.ecf' version='1.1.100.v20150521-1342'>
      <properties size='1'>
        <property name='download.size' value='42539'/>
      </properties>
    </artifact>
    <artifact classifier='osgi.bundle' id='org.eclipse.ui.editors' version='3.9.0.v20150213-1939'>
      <properties size='1'>
        <property name='download.size' value='578283'/>
      </properties>
    </artifact>
    <artifact classifier='osgi.bundle' id='org.eclipse.compare' version='3.5.600.v20150420-1449'>
      <properties size='1'>
        <property name='download.size' value='769552'/>
      </properties>
    </artifact>
    <artifact classifier='osgi.bundle' id='it.unitn.disi.ststool.model' version='2.2.4.202005251221'>
      <properties size='1'>
        <property name='download.size' value='247180'/>
      </properties>
    </artifact>
    <artifact classifier='osgi.bundle' id='org.eclipse.core.filesystem.win32.x86_64' version='1.4.0.v20140124-1940'>
      <properties size='1'>
        <property name='download.size' value='32009'/>
      </properties>
    </artifact>
    <artifact classifier='osgi.bundle' id='org.eclipse.emf.common.ui' version='2.10.1.v20160208-0841'>
      <properties size='1'>
        <property name='download.size' value='156078'/>
      </properties>
    </artifact>
    <artifact classifier='osgi.bundle' id='org.apache.xml.serializer' version='2.7.1.v201005080400'>
      <properties size='1'>
        <property name='download.size' value='302018'/>
      </properties>
    </artifact>
    <artifact classifier='osgi.bundle' id='org.eclipse.e4.core.contexts' version='1.4.0.v20150828-0818'>
      <properties size='1'>
        <property name='download.size' value='50351'/>
      </properties>
    </artifact>
  </artifacts>
</repository>
