<?xml version="1.0" encoding="UTF-8"?>
<feature
      id="it.unitn.disi.ststool.feature.emf.essential"
      label="Feature"
      version="2.2.4.202005251221">

   <description url="http://www.example.com/description">
      [Enter Feature Description here.]
   </description>

   <copyright url="http://www.example.com/copyright">
      [Enter Copyright Description here.]
   </copyright>

   <license url="http://www.example.com/license">
      [Enter License Description here.]
   </license>

   <requires>
      <import plugin="org.eclipse.emf.ecore" version="2.10.0" match="compatible"/>
      <import plugin="org.eclipse.emf.common" version="2.10.0" match="compatible"/>
      <import plugin="org.eclipse.core.runtime" version="3.5.0" match="compatible"/>
      <import plugin="org.eclipse.ui.views" version="3.4.0" match="compatible"/>
      <import plugin="org.eclipse.ui.workbench" version="3.5.0" match="compatible"/>
      <import plugin="org.eclipse.emf.edit" version="2.10.0" match="compatible"/>
      <import plugin="org.eclipse.emf.common.ui" version="2.9.0" match="compatible"/>
      <import plugin="org.eclipse.ui" version="3.5.0" match="compatible"/>
   </requires>

   <plugin
         id="org.eclipse.emf.ecore.xmi"
         download-size="225"
         install-size="481"
         version="2.11.1.v20160208-0816"
         unpack="false"/>

   <plugin
         id="org.eclipse.emf.ecore"
         download-size="1162"
         install-size="2877"
         version="2.11.2.v20160208-0816"
         unpack="false"/>

   <plugin
         id="org.eclipse.emf.common"
         download-size="349"
         install-size="735"
         version="2.11.1.v20160208-0816"
         unpack="false"/>

   <plugin
         id="org.eclipse.emf.ecore.change"
         download-size="85"
         install-size="202"
         version="2.11.0.v20160208-0816"
         unpack="false"/>

   <plugin
         id="org.eclipse.emf.edit.ui"
         download-size="231"
         install-size="480"
         version="2.11.1.v20160208-0841"
         unpack="false"/>

   <plugin
         id="org.eclipse.emf.edit"
         download-size="272"
         install-size="612"
         version="2.11.1.v20160208-0841"
         unpack="false"/>

   <plugin
         id="org.eclipse.emf.common.ui"
         download-size="152"
         install-size="309"
         version="2.10.1.v20160208-0841"
         unpack="false"/>

</feature>
