<?xml version="1.0" encoding="UTF-8"?>
<feature
      id="it.unitn.disi.ststool.feature.rcp.platform"
      label="RCP Platform Feature"
      version="2.2.4.202005251221"
      provider-name="unitn.disi.it">

   <description url="http://www.example.com/description">
      [Enter Feature Description here.]
   </description>

   <copyright url="http://www.example.com/copyright">
      [Enter Copyright Description here.]
   </copyright>

   <license url="http://www.example.com/license">
      [Enter License Description here.]
   </license>

   <includes
         id="org.eclipse.help"
         version="2.1.2.v20160212-1500"/>

   <includes
         id="org.eclipse.equinox.p2.core.feature"
         version="1.3.100.v20150527-1706"/>

   <includes
         id="org.eclipse.ecf.filetransfer.feature"
         version="3.12.0.v20151130-0157"/>

   <includes
         id="org.eclipse.ecf.filetransfer.httpclient4.feature"
         version="3.12.0.v20151130-0157"/>

   <includes
         id="org.eclipse.ecf.filetransfer.httpclient4.ssl.feature"
         version="1.1.0.v20151130-0157"/>

   <includes
         id="org.eclipse.ecf.filetransfer.ssl.feature"
         version="1.1.0.v20151130-0157"/>

   <includes
         id="org.eclipse.ecf.core.feature"
         version="1.2.0.v20151130-0157"/>

   <includes
         id="org.eclipse.ecf.core.ssl.feature"
         version="1.1.0.v20151130-0157"/>

   <includes
         id="it.unitn.disi.ststool.feature.emf.essential"
         version="2.2.4.202005251221"/>

   <includes
         id="it.disi.unitn.ststool.feature.eclipse.e4.rcp"
         version="2.2.4.202005251221"/>

   <requires>
      <import plugin="org.eclipse.core.runtime" version="3.2.0" match="compatible"/>
      <import plugin="org.eclipse.core.expressions" version="3.2.0" match="compatible"/>
      <import plugin="org.eclipse.jface" version="3.5.0" match="compatible"/>
      <import plugin="org.eclipse.core.runtime" version="3.5.0" match="compatible"/>
      <import plugin="org.eclipse.core.runtime" version="3.7.0" match="compatible"/>
      <import plugin="org.eclipse.equinox.common" version="3.2.0" match="compatible"/>
      <import plugin="org.eclipse.equinox.registry" version="3.2.0" match="compatible"/>
      <import plugin="org.eclipse.osgi" version="3.2.0" match="compatible"/>
      <import plugin="org.eclipse.equinox.common" version="3.4.0" match="greaterOrEqual"/>
      <import plugin="org.eclipse.equinox.preferences" version="3.2.200" match="greaterOrEqual"/>
      <import plugin="org.eclipse.osgi" version="3.4.0" match="greaterOrEqual"/>
      <import plugin="org.eclipse.equinox.registry" version="3.4.0" match="greaterOrEqual"/>
      <import plugin="org.eclipse.core.expressions" version="3.4.0" match="compatible"/>
      <import plugin="org.eclipse.core.expressions" version="3.4.100" match="compatible"/>
      <import plugin="org.eclipse.core.commands" version="3.5.0" match="compatible"/>
      <import plugin="org.eclipse.equinox.common" version="3.5.0" match="compatible"/>
      <import plugin="org.eclipse.swt" version="3.103.0" match="compatible"/>
      <import plugin="org.eclipse.core.runtime" version="3.6.0" match="compatible"/>
      <import plugin="org.eclipse.core.expressions" version="3.4.200" match="greaterOrEqual"/>
      <import plugin="org.eclipse.jface" version="3.6.0" match="compatible"/>
      <import plugin="org.eclipse.core.runtime" version="3.3.0" match="compatible"/>
      <import plugin="org.eclipse.swt" version="3.101.0" match="compatible"/>
      <import plugin="org.eclipse.equinox.p2.engine" version="2.0.0" match="compatible"/>
      <import plugin="org.eclipse.equinox.p2.metadata" version="2.0.0" match="compatible"/>
      <import plugin="org.eclipse.equinox.bidi" version="0.10.0"/>
      <import plugin="org.eclipse.equinox.preferences" version="3.2.200" match="compatible"/>
      <import plugin="org.eclipse.core.runtime" version="3.4.0" match="compatible"/>
      <import plugin="org.eclipse.e4.ui.css.swt.theme"/>
      <import plugin="org.eclipse.swt" version="3.6.0" match="compatible"/>
      <import plugin="org.eclipse.core.commands" version="3.4.0" match="compatible"/>
      <import plugin="org.eclipse.equinox.common" version="3.3.0" match="compatible"/>
      <import plugin="org.eclipse.osgi" version="3.7.0" match="compatible"/>
      <import plugin="org.eclipse.equinox.common" version="3.6.100" match="compatible"/>
      <import plugin="org.eclipse.core.jobs" version="3.2.0" match="compatible"/>
      <import plugin="org.eclipse.equinox.registry" version="3.4.0" match="compatible"/>
      <import plugin="org.eclipse.equinox.preferences" version="3.4.0" match="compatible"/>
      <import plugin="org.eclipse.core.contenttype" version="3.3.0" match="compatible"/>
      <import plugin="org.eclipse.equinox.app" version="1.0.0" match="greaterOrEqual"/>
      <import plugin="org.eclipse.core.expressions" version="3.4.200" match="compatible"/>
      <import plugin="org.eclipse.jface" version="3.10.0" match="compatible"/>
      <import plugin="org.eclipse.jface" version="3.9.0" match="compatible"/>
      <import plugin="org.eclipse.jface.databinding" version="1.3.0" match="compatible"/>
      <import plugin="org.eclipse.core.databinding.property" version="1.2.0" match="compatible"/>
      <import plugin="org.eclipse.core.databinding.observable" version="1.2.0" match="compatible"/>
      <import plugin="org.eclipse.e4.core.services" version="1.0.0" match="greaterOrEqual"/>
      <import plugin="org.eclipse.e4.core.contexts" version="1.0.0" match="greaterOrEqual"/>
      <import plugin="org.eclipse.e4.core.di" version="1.1.0" match="greaterOrEqual"/>
      <import plugin="org.eclipse.e4.ui.workbench.swt" version="0.9.1" match="greaterOrEqual"/>
      <import plugin="org.eclipse.e4.ui.di" version="0.9.0" match="greaterOrEqual"/>
      <import plugin="org.eclipse.e4.ui.model.workbench" version="0.9.1" match="greaterOrEqual"/>
      <import plugin="org.eclipse.e4.ui.css.swt.theme" version="0.9.0" match="greaterOrEqual"/>
      <import plugin="org.eclipse.e4.ui.bindings" version="0.9.0" match="greaterOrEqual"/>
      <import plugin="org.eclipse.e4.ui.css.swt" version="0.9.1" match="greaterOrEqual"/>
      <import plugin="org.eclipse.e4.ui.css.core" version="0.9.0" match="greaterOrEqual"/>
      <import plugin="org.eclipse.e4.ui.workbench3" version="0.12.0" match="greaterOrEqual"/>
      <import plugin="org.eclipse.e4.ui.workbench.addons.swt" version="0.10.0" match="greaterOrEqual"/>
      <import plugin="org.eclipse.emf.ecore" version="2.7.0" match="greaterOrEqual"/>
   </requires>

   <plugin
         id="org.eclipse.compare.core"
         download-size="62"
         install-size="116"
         version="3.5.500.v20150505-1058"
         unpack="false"/>

   <plugin
         id="org.eclipse.compare"
         download-size="751"
         install-size="1567"
         version="3.5.600.v20150420-1449"
         unpack="false"/>

   <plugin
         id="org.eclipse.compare.win32"
         os="win32"
         download-size="38"
         install-size="71"
         version="1.0.200.v20130514-1224"
         unpack="false"/>

   <plugin
         id="org.eclipse.core.filebuffers"
         download-size="112"
         install-size="244"
         version="3.5.500.v20140723-1040"
         unpack="false"/>

   <plugin
         id="org.eclipse.core.filesystem"
         download-size="60"
         install-size="112"
         version="1.5.0.v20150725-1910"
         unpack="false"/>

   <plugin
         id="org.eclipse.core.net"
         download-size="69"
         install-size="132"
         version="1.2.300.v20141118-1725"
         unpack="false"/>

   <plugin
         id="org.eclipse.core.net.win32.x86"
         os="win32"
         arch="x86"
         download-size="30"
         install-size="54"
         version="1.0.100.v20140124-2013"
         fragment="true"
         unpack="false"/>

   <plugin
         id="org.eclipse.core.net.linux.x86_64"
         os="linux"
         arch="x86_64"
         download-size="37"
         install-size="100"
         version="1.1.100.v20140124-2013"
         fragment="true"
         unpack="false"/>

   <plugin
         id="org.eclipse.core.net.win32.x86_64"
         os="win32"
         arch="x86_64"
         download-size="28"
         install-size="54"
         version="1.0.100.v20140124-2013"
         fragment="true"
         unpack="false"/>

   <plugin
         id="org.eclipse.core.net.linux.x86"
         os="linux"
         arch="x86"
         download-size="36"
         install-size="95"
         version="1.1.300.v20140124-2013"
         fragment="true"
         unpack="false"/>

   <plugin
         id="org.eclipse.core.resources"
         download-size="863"
         install-size="1854"
         version="3.10.1.v20150725-1910"
         unpack="false"/>

   <plugin
         id="org.eclipse.osgi.util"
         download-size="25"
         install-size="48"
         version="3.3.100.v20150423-1351"
         unpack="false"/>

   <plugin
         id="org.eclipse.equinox.event"
         download-size="31"
         install-size="57"
         version="1.3.100.v20140115-1647"
         unpack="false"/>

   <plugin
         id="org.eclipse.ltk.core.refactoring"
         download-size="324"
         install-size="714"
         version="3.6.201.v20150819-1034"
         unpack="false"/>

   <plugin
         id="org.eclipse.text"
         download-size="247"
         install-size="486"
         version="3.5.400.v20150505-1044"
         unpack="false"/>

   <plugin
         id="org.eclipse.jface.text"
         download-size="992"
         install-size="2080"
         version="3.10.0.v20150603-1752"
         unpack="false"/>

   <plugin
         id="org.eclipse.ui.console"
         download-size="186"
         install-size="348"
         version="3.6.100.v20150822-1912"
         unpack="false"/>

   <plugin
         id="org.eclipse.ui.intro"
         download-size="302"
         install-size="621"
         version="3.4.300.v20141007-1449"
         unpack="false"/>

   <plugin
         id="org.eclipse.ui.browser"
         download-size="193"
         install-size="341"
         version="3.4.300.v20150429-0602"
         unpack="false"/>

   <plugin
         id="org.eclipse.ui.navigator.resources"
         download-size="147"
         install-size="312"
         version="3.5.1.v20160128-1644"
         unpack="false"/>

   <plugin
         id="org.eclipse.ui.net"
         download-size="47"
         install-size="87"
         version="1.2.200.v20120807-0927"
         unpack="false"/>

   <plugin
         id="org.eclipse.ui.workbench.texteditor"
         download-size="573"
         install-size="1254"
         version="3.9.100.v20141023-1946"
         unpack="false"/>

   <plugin
         id="org.eclipse.ui.views"
         download-size="97"
         install-size="181"
         version="3.8.0.v20150422-0725"
         unpack="false"/>

   <plugin
         id="org.eclipse.ui.editors"
         download-size="564"
         install-size="1274"
         version="3.9.0.v20150213-1939"
         unpack="false"/>

   <plugin
         id="org.eclipse.ui.ide"
         download-size="2297"
         install-size="4667"
         version="3.11.0.v20150825-2158"
         unpack="false"/>

   <plugin
         id="org.eclipse.ui.win32"
         ws="win32"
         download-size="24"
         install-size="47"
         version="3.2.500.v20150423-0822"
         fragment="true"
         unpack="false"/>

   <plugin
         id="org.eclipse.core.filesystem.linux.x86"
         os="linux"
         arch="x86"
         download-size="10"
         install-size="17"
         version="1.4.200.v20140124-1940"
         fragment="true"
         unpack="false"/>

   <plugin
         id="org.eclipse.core.filesystem.linux.x86_64"
         os="linux"
         arch="x86_64"
         download-size="10"
         install-size="19"
         version="1.2.200.v20140124-1940"
         fragment="true"
         unpack="false"/>

   <plugin
         id="org.eclipse.core.filesystem.macosx"
         os="macosx"
         download-size="13"
         install-size="64"
         version="1.3.0.v20140124-1940"
         fragment="true"
         unpack="false"/>

   <plugin
         id="org.eclipse.core.filesystem.win32.x86"
         os="win32"
         arch="x86"
         download-size="27"
         install-size="54"
         version="1.4.0.v20140124-1940"
         fragment="true"
         unpack="false"/>

   <plugin
         id="org.eclipse.core.resources.win32.x86"
         os="win32"
         arch="x86"
         download-size="17"
         install-size="42"
         version="3.5.100.v20140124-1940"
         fragment="true"
         unpack="false"/>

   <plugin
         id="org.eclipse.core.resources.win32.x86_64"
         os="win32"
         arch="x86_64"
         download-size="27"
         install-size="53"
         version="3.5.0.v20140124-1940"
         fragment="true"
         unpack="false"/>

   <plugin
         id="org.eclipse.core.filesystem.win32.x86_64"
         os="win32"
         arch="x86_64"
         download-size="31"
         install-size="64"
         version="1.4.0.v20140124-1940"
         fragment="true"
         unpack="false"/>

   <plugin
         id="org.eclipse.core.variables"
         download-size="34"
         install-size="63"
         version="3.2.800.v20130819-1716"
         unpack="false"/>

   <plugin
         id="org.eclipse.ui.forms"
         download-size="310"
         install-size="623"
         version="3.6.200.v20150506-2029"
         unpack="false"/>

   <plugin
         id="org.eclipse.ui.views.properties.tabbed"
         download-size="104"
         install-size="214"
         version="3.6.100.v20150423-0822"
         unpack="false"/>

   <plugin
         id="org.eclipse.equinox.security"
         download-size="105"
         install-size="217"
         version="1.2.100.v20150423-1356"
         unpack="false"/>

   <plugin
         id="org.eclipse.equinox.security.ui"
         download-size="181"
         install-size="335"
         version="1.1.201.v20150803-1228"
         unpack="false"/>

   <plugin
         id="org.eclipse.equinox.security.win32.x86"
         os="win32"
         arch="x86"
         download-size="22"
         install-size="47"
         version="1.0.300.v20130327-1442"
         fragment="true"
         unpack="false"/>

   <plugin
         id="org.eclipse.equinox.security.win32.x86_64"
         os="win32"
         arch="x86_64"
         download-size="34"
         install-size="65"
         version="1.0.100.v20130327-1442"
         fragment="true"
         unpack="false"/>

   <plugin
         id="org.eclipse.equinox.security.macosx"
         os="macosx"
         download-size="16"
         install-size="58"
         version="1.100.200.v20130327-1442"
         fragment="true"
         unpack="false"/>

   <plugin
         id="org.eclipse.ui.themes"
         download-size="45"
         install-size="128"
         version="1.1.1.v20151026-1355"
         unpack="false"/>

   <plugin
         id="org.eclipse.core.filesystem.java7"
         download-size="16"
         install-size="26"
         version="1.0.100.v20150423-0754"
         fragment="true"
         unpack="false"/>

   <plugin
         id="org.eclipse.jface"
         download-size="1161"
         install-size="2295"
         version="3.11.1.v20160128-1644"
         unpack="false"/>

   <plugin
         id="org.eclipse.osgi"
         download-size="1276"
         install-size="2697"
         version="3.10.102.v20160118-1700"
         unpack="false"/>

   <plugin
         id="org.eclipse.ui.views.log"
         download-size="141"
         install-size="263"
         version="1.0.600.v20150513-1840"
         unpack="false"/>

   <plugin
         id="org.eclipse.core.runtime"
         download-size="77"
         install-size="163"
         version="3.11.1.v20150903-1804"
         unpack="false"/>

   <plugin
         id="org.eclipse.help"
         download-size="252"
         install-size="650"
         version="3.6.0.v20130326-1254"
         unpack="false"/>

   <plugin
         id="org.eclipse.ui"
         download-size="269"
         install-size="389"
         version="3.107.0.v20150507-1945"
         unpack="false"/>

   <plugin
         id="org.eclipse.ui.workbench"
         download-size="3988"
         install-size="8278"
         version="3.107.1.v20160120-2131"
         unpack="false"/>

   <plugin
         id="org.eclipse.rcp"
         download-size="11"
         install-size="15"
         version="4.5.2.v20160212-1500"
         unpack="false"/>

   <plugin
         id="org.eclipse.ui.cocoa"
         os="macosx"
         ws="cocoa"
         download-size="8"
         install-size="11"
         version="1.1.100.v20150315-1253"
         fragment="true"
         unpack="false"/>

   <plugin
         id="org.eclipse.ltk.ui.refactoring"
         download-size="448"
         install-size="945"
         version="3.7.200.v20140625-1835"
         unpack="false"/>

   <plugin
         id="org.eclipse.team.core"
         download-size="395"
         install-size="836"
         version="3.7.100.v20150203-1452"
         unpack="false"/>

   <plugin
         id="org.eclipse.team.ui"
         download-size="1406"
         install-size="3074"
         version="3.7.200.v20150203-1452"
         unpack="false"/>

</feature>
